{
   "accounts":[
      {
         "_id":"5f06405c115e723a5760e003",
         "account_name":"BVC Bs.",
         "account_id_xero":"cd24a456-e233-4584-bfbd-b542c03776d2",
         "account_number":"01040107110107124438",
         "account_type":"BANK",
         "currency_code":"VEF",
         "__v":0,
         "importing_behind":7496,
         "pending_behind":0,
         "pending_items":0,
         "total_pending_amount":0
      },
      {
         "_id":"5f06405c115e723a5760e004",
         "account_name":"Wells Fargo US$",
         "account_id_xero":"8b9e7571-2011-4fa8-a998-dedd9e8aec3e",
         "account_number":"1424906046",
         "account_type":"BANK",
         "currency_code":"USD",
         "__v":0,
         "importing_behind":7496,
         "pending_behind":0,
         "pending_items":0,
         "total_pending_amount":0
      },
      {
         "_id":"5eb82a5c770b792583530dfc",
         "account_name":"Bank",
         "account_id_xero":"548faa72-ff31-46a6-8dec-f24af9f73787",
         "account_number":"XXXX",
         "account_type":"BANK",
         "currency_code":"VEF",
         "__v":0,
         "importing_behind":92,
         "pending_behind":46.25,
         "pending_items":2,
         "total_pending_amount":20759480.18
      }
   ]
}