{
    "totalDue": 937197762.35,
    "listSalesParClient": [
        {
            "amountDue": 937188799.6,
            "behind": "1 mes",
            "contactName": "Telefonica Venezolana C.A.",
            "currencyCode": "VEF"
        },
        {
            "amountDue": 7460.35,
            "behind": "2 meses",
            "contactName": "Hapag - Lloyd Venezuela C.A.",
            "currencyCode": "USD"
        },
        {
            "amountDue": 1482.18,
            "behind": "3 meses",
            "contactName": "AT&T Global Network Services Venezuela, LLC",
            "currencyCode": "USD"
        },
        {
            "amountDue": 20.22,
            "behind": "+3 meses",
            "contactName": "Deyanira",
            "currencyCode": "USD"
        }
    ],
    "listSales": [
        {
            "amountDue": 937188799.6,
            "behind": "1 mes",
            "currencyCode": "VEF"
        },
        {
            "amountDue": 7460.35,
            "behind": "2 meses",
            "currencyCode": "USD"
        },
        {
            "amountDue": 1482.18,
            "behind": "3 meses",
            "currencyCode": "USD"
        },
        {
            "amountDue": 20.22,
            "behind": "+3 meses",
            "currencyCode": "USD"
        }
    ],
    "listSalesbyGroup": [
        {
            "amountDue": 7460.35,
            "behind": "Vigentes",
            "currencyCode": "USD"
        },
        {
            "amountDue": 7460.35,
            "behind": "1 mes",
            "currencyCode": "USD"
        },
        {
            "amountDue": 937190281.78,
            "behind": "3 meses",
            "currencyCode": "VEF"
        },
        {
            "amountDue": 20.22,
            "behind": "+3 meses",
            "currencyCode": "USD"
        }
    ]
}