{
    "totalDue": 937197762.35,
    "listSalesParClient": [
        {
            "amountDue": 937188799.6,
            "behind": "2 months",
            "contactName": "Telefonica Venezolana C.A.",
            "currencyCode": "VEF"
        },
        {
            "amountDue": 7460.35,
            "behind": "2 weeks",
            "contactName": "Hapag - Lloyd Venezuela C.A.",
            "currencyCode": "USD"
        },
        {
            "amountDue": 1482.18,
            "behind": "2 months",
            "contactName": "AT&T Global Network Services Venezuela, LLC",
            "currencyCode": "USD"
        },
        {
            "amountDue": 20.22,
            "behind": "+3 months",
            "contactName": "Deyanira",
            "currencyCode": "USD"
        }
    ],
    "listSales": [
        {
            "amountDue": 937188799.6,
            "behind": "2 months",
            "currencyCode": "VEF"
        },
        {
            "amountDue": 7460.35,
            "behind": "2 weeks",
            "currencyCode": "USD"
        },
        {
            "amountDue": 1482.18,
            "behind": "2 months",
            "currencyCode": "USD"
        },
        {
            "amountDue": 20.22,
            "behind": "+3 months",
            "currencyCode": "USD"
        }
    ],
    "listSalesbyGroup": [
        {
            "amountDue": 0,
            "behind": "Not Expired",
            "currencyCode": ""
        },
        {
            "amountDue": 7460.35,
            "behind": "1 month",
            "currencyCode": "USD"
        },
        {
            "amountDue": 937190281.78,
            "behind": "3 months",
            "currencyCode": "VEF"
        },
        {
            "amountDue": 20.22,
            "behind": "+3 months",
            "currencyCode": "USD"
        }
    ]
}